{
  "Random Forest": {
    "MAE": 15310.456808909237,
    "RMSE": 23639.977960162003,
    "MAPE": 11.525181728375497,
    "R²": 0.8997139991837838,
    "within_20pct": 86.92991452991453,
    "over_50pct_errors": 291
  },
  "XGBoost": {
    "MAE": 15567.929578392093,
    "RMSE": 23328.61148796523,
    "MAPE": 12.087626638222828,
    "R²": 0.902338372069946,
    "within_20pct": 85.31623931623932,
    "over_50pct_errors": 282
  },
  "Linear Regression": {
    "MAE": 34676.308691683014,
    "RMSE": 48735.853388290205,
    "MAPE": 29.815845689888494,
    "R²": 0.5737706726632107,
    "within_20pct": 40.62905982905983,
    "over_50pct_errors": 4158
  }
}