,Random Forest,XGBoost,Linear Regression
PYEONG,0.38668496479302233,0.08943154,0.38593856629873025
BUILDING_AGE,0.1436223369858785,0.036090776,0.020165273225440036
IS_PREMIUM_GU,0.13217453329725526,0.61039054,0.18011937397738106
SUBWAY_SCORE,0.10621830625811036,0.106186084,0.15374724132643913
CGG_LABEL_ENCODED,0.09781412316467379,0.034953732,0.059147589721635925
BRAND_SCORE,0.05362298176304483,0.028145397,0.10693657671285105
FLR,0.049562840297084396,0.007818387,0.06449837093044043
EDUCATION_PREMIUM,0.030299913440930547,0.086983606,0.029447007807082166
