{
  "Random Forest": {
    "test_mape": 13.090944215653607,
    "test_r2": 0.8824738981177084
  },
  "XGBoost": {
    "test_mape": 14.818146824836731,
    "test_r2": 0.8566814661026001
  },
  "Linear Regression": {
    "test_mape": 40.82628757606358,
    "test_r2": 0.3005668511075965
  }
}